gene,position,trxMean,energyMean
eYAL001C,0,11.0384615384615,-6.29450549450549
eYAL001C,200,14.1020942408377,-8.2065445026178
eYAL001C,400,15.3522336769759,-9.1020618556701
eYAL001C,600,15.2531969309463,-9.57007672634271
eYAL001C,800,15.3640081799591,-10.0367075664622
eYAL001C,1000,15.5025466893039,-10.1405772495756
eYAL001C,1200,15.4963715529753,-10.4466618287373
eYAL001C,1400,15.671102661597,-10.7130544993663
eYAL001C,1600,15.8149606299213,-11.0429696287964
eYAL001C,1800,16.0394337714864,-11.0283114256825
eYAL001C,2000,16.1460156609857,-11.2299861814832
eYAL001C,2200,16.2020244622522,-11.2980598903417
eYAL001C,2400,16.1901983663944,-11.3690003889537
eYAL001C,2600,16.1966798989534,-11.2850595452905
eYAL001C,2800,16.1881521373275,-11.2772803769775
eYAL001C,3000,16.240302743614,-11.2978240302744
eYAL001C,3200,16.1670127558588,-11.2046870364877
eYAL001C,3400,15.3613138686131,-10.6669848399776
eYAL001C,3600,14.626303127506,-10.1565891472868
eYAL001C,3800,13.9122807017544,-9.66076786168321
eYAL001C,4000,13.2647272727273,-9.21110303030305
eYAL001C,4200,12.7634709587124,-8.86302775833918
eYAL001C,4400,12.2299955297273,-8.4925793473402
eYAL001C,4600,11.7342912288226,-8.14835942526272
eYAL001C,4800,11.64439242392,-8.08593317727177
