gene,position,trxMean,energyMean,AAcount,ACcount,AGcount,AUcount,CAcount,CCcount,CGcount,CUcount,GAcount,GCcount,GGcount,GUcount,UAcount,UCcount,UGcount,UUcount
eYCL031C,0,1.40609137055838,-1.5492385786802,8020,2813,4076,5409,3136,1408,1690,2905,4781,1883,2811,2725,4375,3040,3591,4906
eYCL031C,200,7.10941475826972,-6.56386768447837,8071,2818,4097,5432,3152,1414,1691,2909,4798,1885,2816,2730,4392,3053,3593,4919
eYCL031C,400,10.2782462057336,-8.24384485666105,8147,2837,4134,5475,3188,1423,1693,2919,4832,1892,2829,2744,4421,3074,3609,4954
eYCL031C,600,12.1538461538462,-9.16494325346783,8250,2875,4177,5540,3238,1439,1703,2942,4885,1906,2847,2762,4464,3104,3641,4999
eYCL031C,800,13.4038267875126,-9.48549848942597,8369,2924,4231,5625,3305,1462,1720,2973,4951,1929,2873,2791,4519,3146,3688,5067
eYCL031C,1000,12.6975568660489,-8.93117101937657,8497,2979,4292,5717,3379,1489,1741,3005,5024,1956,2905,2826,4580,3190,3742,5142
eYCL031C,1200,10.9217391304348,-7.68210144927535,8625,3034,4353,5809,3453,1516,1762,3037,5097,1983,2937,2861,4641,3234,3796,5217
eYCL031C,1400,10.4521497919556,-7.3518030513176,8753,3089,4414,5901,3527,1543,1783,3069,5170,2010,2969,2896,4702,3278,3850,5292
