gene,position,trxMean,energyMean
eYCL031C,0,1.42424242424242,-1.63484848484848
eYCL031C,200,1.42424242424242,-1.63484848484848
eYCL031C,400,1.42424242424242,-1.63484848484848
eYCL031C,600,1.42424242424242,-1.63484848484848
eYCL031C,800,1.42424242424242,-1.63484848484848
eYCL031C,1000,1.42424242424242,-1.63484848484848
eYCL031C,1200,1.42424242424242,-1.63484848484848
eYCL031C,1400,1.42424242424242,-1.63484848484848
