gene,position,trxMean,energyMean
eYGR100W,0,0,0
eYGR100W,200,4.63291139240506,-3.15898734177215
eYGR100W,400,9.51269035532995,-6.04856175972927
eYGR100W,600,11.4513274336283,-7.28128950695322
eYGR100W,800,12.6881937436932,-8.15247225025227
eYGR100W,1000,13.4920235096558,-8.74038623005877
eYGR100W,1200,14.1351545650611,-8.96951833213516
eYGR100W,1400,14.5311125078567,-8.88108108108108
eYGR100W,1600,14.9614740368509,-9.25756560580681
eYGR100W,1800,15.1697639377197,-9.51722752385736
eYGR100W,2000,15.3377453217709,-9.61839342765862
eYGR100W,2200,15.5742367210372,-9.78628189042243
eYGR100W,2400,15.6715553840216,-10.0343110768043
eYGR100W,2600,15.8595485489072,-10.2720171981369
eYGR100W,2800,16.1313941825476,-10.5070210631896
eYGR100W,3000,15.9359899592093,-10.4122058362096
eYGR100W,3200,15.0215912451937,-9.81475894705712
eYGR100W,3400,14.9025821596244,-9.73700117370895
eYGR100W,0,0,0
eYGR100W,200,4.63291139240506,-3.15898734177215
eYGR100W,400,9.51269035532995,-6.04856175972927
eYGR100W,600,11.4513274336283,-7.28128950695322
eYGR100W,800,12.6881937436932,-8.15247225025227
eYGR100W,1000,13.4920235096558,-8.74038623005877
eYGR100W,1200,14.1351545650611,-8.96951833213516
eYGR100W,1400,14.5311125078567,-8.88108108108108
eYGR100W,1600,14.9614740368509,-9.25756560580681
eYGR100W,1800,15.1697639377197,-9.51722752385736
eYGR100W,2000,15.3377453217709,-9.61839342765862
eYGR100W,2200,15.5742367210372,-9.78628189042243
eYGR100W,2400,15.6715553840216,-10.0343110768043
eYGR100W,2600,15.8595485489072,-10.2720171981369
eYGR100W,2800,16.1313941825476,-10.5070210631896
eYGR100W,3000,15.9359899592093,-10.4122058362096
eYGR100W,3200,15.0215912451937,-9.81475894705712
eYGR100W,3400,14.9025821596244,-9.73700117370895
