gene,position,trxMean,energyMean,AAcount,ACcount,AGcount,AUcount,CAcount,CCcount,CGcount,CUcount,GAcount,GCcount,GGcount,GUcount,UAcount,UCcount,UGcount,UUcount
eYDR181C,0,3.695,-2.9495,53202,19823,24979,35080,24140,10612,9928,17409,29184,11692,14448,15495,26532,19871,21404,30634
eYDR181C,200,10.6625,-6.865,53235,19838,24994,35102,24159,10618,9934,17424,29198,11703,14458,15508,26552,19885,21421,30655
eYDR181C,400,12.5833333333333,-8.77866666666666,53304,19860,25027,35142,24188,10630,9946,17446,29229,11720,14479,15531,26589,19909,21447,30688
eYDR181C,600,13.8725,-9.89274999999999,53408,19889,25076,35199,24226,10648,9967,17481,29281,11752,14504,15558,26635,19942,21489,30731
eYDR181C,800,14.366,-10.7132,53554,19930,25143,35273,24273,10670,9992,17523,29360,11790,14538,15590,26692,19977,21547,30785
eYDR181C,1000,14.7884615384615,-10.9168060200669,53726,19982,25225,35369,24334,10698,10022,17574,29458,11835,14578,15629,26765,20022,21617,30850
eYDR181C,1200,15.0688405797101,-11.2585507246377,53930,20041,25326,35482,24410,10729,10059,17628,29576,11888,14622,15677,26847,20077,21697,30926
eYDR181C,1400,13.6583969465649,-10.2043893129771,54140,20102,25431,35601,24487,10761,10098,17685,29701,11941,14666,15726,26934,20136,21779,31003
eYDR181C,1600,12.3113532110092,-9.19799311926607,54350,20163,25536,35720,24564,10793,10137,17742,29826,11994,14710,15775,27021,20195,21861,31080
