gene,position,trxMean,energyMean
eYDR181C,0,3.695,-2.9495
eYDR181C,200,10.6625,-6.865
eYDR181C,400,12.5833333333333,-8.77866666666666
eYDR181C,600,13.8725,-9.89274999999999
eYDR181C,800,14.366,-10.7132
eYDR181C,1000,14.7884615384615,-10.9168060200669
eYDR181C,1200,15.0688405797101,-11.2585507246377
eYDR181C,1400,13.6583969465649,-10.2043893129771
eYDR181C,1600,12.3113532110092,-9.19799311926607
