gene,position,trxMean,energyMean,AAcount,ACcount,AGcount,AUcount,CAcount,CCcount,CGcount,CUcount,GAcount,GCcount,GGcount,GUcount,UAcount,UCcount,UGcount,UUcount
eYCL031C,0,1.79787234042553,-1.8436170212766,30681,11065,14236,20052,13475,5861,5842,10044,16671,6781,8786,8970,15179,11484,12331,17593
eYCL031C,200,7.6484375,-6.88255208333333,30729,11069,14259,20072,13491,5869,5843,10047,16687,6784,8793,8977,15195,11496,12333,17608
eYCL031C,400,10.4554794520548,-8.4681506849315,30802,11083,14300,20114,13523,5879,5848,10057,16720,6796,8806,8991,15227,11516,12346,17645
eYCL031C,600,12.4502551020408,-9.5080357142857,30896,11113,14352,20178,13569,5901,5862,10078,16772,6817,8824,9008,15275,11545,12370,17694
eYCL031C,800,13.6219512195122,-9.70945121951218,31010,11157,14412,20261,13633,5932,5880,10110,16836,6845,8849,9035,15334,11586,12411,17764
eYCL031C,1000,12.7829391891892,-9.01562499999999,31134,11207,14478,20352,13705,5967,5900,10143,16907,6876,8880,9068,15399,11629,12460,17841
eYCL031C,1200,10.9356936416185,-7.71278901734103,31258,11257,14544,20443,13777,6002,5920,10176,16978,6907,8911,9101,15464,11672,12509,17918
eYCL031C,1400,10.5839160839161,-7.4646853146853,31382,11307,14610,20534,13849,6037,5940,10209,17049,6938,8942,9134,15529,11715,12558,17995
