gene,position,trxMean,energyMean
eYCL031C,0,1.79787234042553,-1.8436170212766
eYCL031C,200,7.6484375,-6.88255208333333
eYCL031C,400,10.4554794520548,-8.4681506849315
eYCL031C,600,12.4502551020408,-9.5080357142857
eYCL031C,800,13.6219512195122,-9.70945121951218
eYCL031C,1000,12.7829391891892,-9.01562499999999
eYCL031C,1200,10.9356936416185,-7.71278901734103
eYCL031C,1400,10.5839160839161,-7.4646853146853
eYCL031C,0,1.79787234042553,-1.8436170212766
eYCL031C,200,7.6484375,-6.88255208333333
eYCL031C,400,10.4554794520548,-8.4681506849315
eYCL031C,600,12.4502551020408,-9.5080357142857
eYCL031C,800,13.6219512195122,-9.70945121951218
eYCL031C,1000,12.7829391891892,-9.01562499999999
eYCL031C,1200,10.9356936416185,-7.71278901734103
eYCL031C,1400,10.5839160839161,-7.4646853146853
