gene,position,trxMean,energyMean
eYDR181C,0,4.83425414364641,-3.52044198895028
eYDR181C,200,11.1469816272966,-7.41548556430446
eYDR181C,400,12.750430292599,-9.38640275387263
eYDR181C,600,14.1741357234315,-10.4152368758002
eYDR181C,800,14.7410805300714,-11.0982670744139
eYDR181C,1000,15.0279424216765,-11.3510584250635
eYDR181C,1200,15.2868554829339,-11.363834422658
eYDR181C,1400,15.3408071748879,-11.6124919923126
eYDR181C,1600,13.8914285714286,-10.4932
eYDR181C,1800,13.3205479452055,-10.0619726027397
