gene,position,trxMean,energyMean
eYAL001C,0,9.19459459459459,-5.70864864864865
eYAL001C,200,14.0597402597403,-8.23428571428572
eYAL001C,400,15.5094017094017,-9.33623931623931
eYAL001C,600,15.540127388535,-9.69350318471337
eYAL001C,800,15.5586136595311,-10.1305810397554
eYAL001C,1000,15.735817104149,-10.1889077053345
eYAL001C,1200,15.670528602462,-10.4776249094859
eYAL001C,1400,15.876027830487,-10.8197343453511
eYAL001C,1600,15.9966311061202,-11.1046041549691
eYAL001C,1800,16.346794548208,-11.2187783947502
eYAL001C,2000,16.4385076001842,-11.4741593735606
eYAL001C,2200,16.4858709405314,-11.5179671024884
eYAL001C,2400,16.5025281991443,-11.5725398677558
eYAL001C,2600,16.5077589317936,-11.4909779862866
eYAL001C,2800,16.5503197576574,-11.5186805789297
eYAL001C,3000,16.5881425417849,-11.5549984232104
eYAL001C,3200,16.6434292494809,-11.5968851972709
eYAL001C,3400,15.8075302051138,-11.0446754706378
eYAL001C,3600,15.0344735435596,-10.5045430251203
eYAL001C,3800,14.3298522669384,-10.0122261844116
eYAL001C,4000,13.6750121536218,-9.55469129800682
eYAL001C,4200,13.0987194412107,-9.15203725261934
eYAL001C,4400,12.5522088353414,-8.77019187862562
eYAL001C,4600,12.0935081685297,-8.44969905417026
eYAL001C,4800,11.9980806142035,-8.38302409895501
