gene,position,trxMean,energyMean,AAcount,ACcount,AGcount,AUcount,CAcount,CCcount,CGcount,CUcount,GAcount,GCcount,GGcount,GUcount,UAcount,UCcount,UGcount,UUcount
eYCL031C,0,1.72514619883041,-2.07719298245614,52509,19582,24580,34566,23753,10465,9832,17254,28770,11558,14316,15325,26177,19615,21180,30223
eYCL031C,200,8.28065395095368,-7.4108991825613,52552,19585,24606,34588,23769,10474,9834,17256,28792,11561,14320,15331,26191,19628,21183,30236
eYCL031C,400,10.952380952381,-9.02486772486772,52623,19602,24648,34630,23805,10485,9840,17264,28830,11571,14330,15343,26218,19650,21195,30273
eYCL031C,600,12.4341590612777,-9.53324641460234,52717,19634,24700,34698,23855,10503,9851,17285,28886,11588,14344,15358,26264,19682,21220,30323
eYCL031C,800,13.35367114788,-9.59513960703205,52827,19678,24764,34787,23919,10527,9867,17315,28956,11610,14365,15386,26327,19725,21260,30396
eYCL031C,1000,12.7131782945736,-9.00223944875107,52948,19726,24834,34884,23992,10555,9887,17346,29031,11637,14392,15421,26394,19773,21307,30473
eYCL031C,1200,10.9333333333333,-7.74192592592592,53069,19774,24904,34981,24065,10583,9907,17377,29106,11664,14419,15456,26461,19821,21354,30550
eYCL031C,1400,10.5882352941176,-7.49756097560975,53190,19822,24974,35078,24138,10611,9927,17408,29181,11691,14446,15491,26528,19869,21401,30627
