gene,position,trxMean,energyMean
eYCL031C,0,1.72514619883041,-2.07719298245614
eYCL031C,200,8.28065395095368,-7.4108991825613
eYCL031C,400,10.952380952381,-9.02486772486772
eYCL031C,600,12.4341590612777,-9.53324641460234
eYCL031C,800,13.35367114788,-9.59513960703205
eYCL031C,1000,12.7131782945736,-9.00223944875107
eYCL031C,1200,10.9333333333333,-7.74192592592592
eYCL031C,1400,10.5882352941176,-7.49756097560975
