gene,position,trxMean,energyMean
eYGR100W,0,0,0
eYGR100W,200,5.05835543766578,-3.48726790450928
eYGR100W,400,9.4315424610052,-6.15823223570191
eYGR100W,600,11.1673101673102,-7.16164736164736
eYGR100W,800,12.2180143295803,-7.86233367451382
eYGR100W,1000,13.2302463891249,-8.56864910790144
eYGR100W,1200,13.8191721132898,-8.76688453159041
eYGR100W,1400,14.2580849714648,-8.7564996829423
eYGR100W,1600,14.6837366347777,-9.05920090039392
eYGR100W,1800,14.9615579160344,-9.32761760242793
eYGR100W,2000,15.2071658245292,-9.48750574184659
eYGR100W,2200,15.3142616743795,-9.65448043752631
eYGR100W,2400,15.441598758246,-9.93407062475749
eYGR100W,2600,15.5523946705077,-10.1513863881887
eYGR100W,2800,15.8206247900571,-10.4224722875378
eYGR100W,3000,15.6470588235294,-10.3728336495889
eYGR100W,3200,14.7601431980907,-9.78487470167068
eYGR100W,3400,14.6422018348624,-9.70668836934007
