gene,position,trxMean,energyMean
eYDR181C,0,18.28,-12.354
eYDR181C,200,17.17,-12.95275
eYDR181C,400,17.685,-13.1758333333333
eYDR181C,600,17.675,-13.295375
eYDR181C,800,17.34,-13.0553
eYDR181C,1000,17.5758333333333,-12.9605833333333
eYDR181C,1200,17.2178571428571,-12.8842857142857
eYDR181C,1400,15.1699181875393,-11.3517935808685
eYDR181C,1600,14.8429802955665,-11.1071428571429
