gene,position,trxMean,energyMean,AAcount,ACcount,AGcount,AUcount,CAcount,CCcount,CGcount,CUcount,GAcount,GCcount,GGcount,GUcount,UAcount,UCcount,UGcount,UUcount
eYDR181C,0,18.28,-12.354,74606,28014,35399,49787,34713,15432,13674,24649,41228,16622,20355,21440,37258,28270,30116,42672
eYDR181C,200,17.17,-12.95275,74660,28046,35433,49815,34742,15447,13689,24671,41261,16636,20370,21458,37290,28289,30133,42695
eYDR181C,400,17.685,-13.1758333333333,74739,28086,35485,49860,34780,15468,13714,24703,41314,16666,20396,21483,37336,28313,30164,42728
eYDR181C,600,17.675,-13.295375,74852,28140,35553,49917,34833,15498,13746,24750,41380,16708,20430,21512,37396,28348,30202,42770
eYDR181C,800,17.34,-13.0553,75000,28206,35634,49998,34900,15531,13783,24807,41467,16755,20470,21545,37471,28395,30251,42822
eYDR181C,1000,17.5758333333333,-12.9605833333333,75174,28283,35728,50098,34983,15574,13827,24875,41570,16812,20517,21585,37556,28456,30313,42884
eYDR181C,1200,17.2178571428571,-12.8842857142857,75386,28366,35839,50212,35076,15621,13874,24949,41692,16877,20575,21630,37649,28522,30387,42956
eYDR181C,1400,15.1699181875393,-11.3517935808685,75598,28449,35950,50326,35169,15668,13921,25023,41814,16942,20633,21675,37742,28588,30461,43028
eYDR181C,1600,14.8429802955665,-11.1071428571429,75810,28532,36061,50440,35262,15715,13968,25097,41936,17007,20691,21720,37835,28654,30535,43100
