gene,position,trxMean,energyMean,AAcount,ACcount,AGcount,AUcount,CAcount,CCcount,CGcount,CUcount,GAcount,GCcount,GGcount,GUcount,UAcount,UCcount,UGcount,UUcount
eYCL031C,0,1.81521739130435,-1.88369565217391,73933,27698,35003,49348,34290,15264,13562,24451,40801,16462,20206,21244,36955,28021,29838,42282
eYCL031C,200,8.1640625,-7.11640625,73975,27703,35028,49366,34308,15272,13564,24456,40821,16467,20210,21250,36966,28035,29842,42296
eYCL031C,400,11.3972602739726,-9.01883561643835,74039,27726,35070,49401,34349,15284,13569,24470,40860,16478,20221,21263,36986,28060,29858,42326
eYCL031C,600,12.8137755102041,-9.54923469387754,74127,27765,35122,49457,34401,15303,13579,24499,40917,16497,20237,21282,37024,28092,29891,42368
eYCL031C,800,13.854674796748,-9.82652439024389,74235,27817,35183,49531,34468,15329,13598,24532,40987,16524,20260,21315,37074,28131,29941,42437
eYCL031C,1000,13.0482233502538,-9.20651438240269,74352,27876,35251,49613,34544,15360,13620,24566,41064,16554,20289,21353,37130,28173,29997,42511
eYCL031C,1200,11.3237885462555,-7.98979441997062,74469,27935,35319,49695,34620,15391,13642,24600,41141,16584,20318,21391,37186,28215,30053,42585
eYCL031C,1400,10.9460610361959,-7.72327892122071,74586,27994,35387,49777,34696,15422,13664,24634,41218,16614,20347,21429,37242,28257,30109,42659
