gene,position,trxMean,energyMean
eYER111C,0,0,0
eYER111C,200,0,0
eYER111C,400,2.53604436229205,-1.73992606284658
eYER111C,600,6.0391363022942,-4.64763832658569
eYER111C,800,8.35175345377258,-6.37268862911796
eYER111C,1000,9.60648553900088,-7.32664329535495
eYER111C,1200,10.6510067114094,-8.16010439970172
eYER111C,1400,11.3750811161583,-8.55567813108372
eYER111C,1600,11.786530366807,-9.01725796752857
eYER111C,1800,12.1588835212024,-9.04557165861515
eYER111C,2000,12.5288414929714,-9.17314590402328
eYER111C,2200,12.9399027839152,-9.28099867432615
eYER111C,2400,13.3483556638246,-9.52216808769797
eYER111C,2600,13.5772846934938,-9.75889432117341
eYER111C,2800,13.650547123191,-9.84016943169788
eYER111C,3000,13.7916254533465,-9.89495548961428
eYER111C,3200,13.8997834828333,-10.1237240952676
eYER111C,3400,14.1337023011943,-10.212059423245
eYER111C,3600,14.2832369942197,-10.3319020093587
eYER111C,3800,13.9085669373854,-10.0167408959916
eYER111C,4000,13.258991008991,-9.54892607392611
eYER111C,4200,12.6704057279236,-9.1250357995227
eYER111C,4400,12.1152441807394,-8.7252167959836
eYER111C,4600,11.6219352014011,-8.36994308231176
eYER111C,4800,11.2049387927396,-8.06962853524697
eYER111C,5000,10.7838716229941,-7.76638228722326
eYER111C,5200,10.5377133783247,-7.58910281857883
