gene,position,trxMean,energyMean
eYAL001C,0,10.0614525139665,-5.65251396648045
eYAL001C,200,14.0817941952507,-7.93905013192612
eYAL001C,400,15.4041450777202,-8.93730569948186
eYAL001C,600,15.6277278562259,-9.40731707317073
eYAL001C,800,15.5241025641026,-9.88041025641026
eYAL001C,1000,15.6927659574468,-10.0578723404255
eYAL001C,1200,15.6407272727273,-10.4178909090909
eYAL001C,1400,15.7980952380952,-10.676380952381
eYAL001C,1600,15.8771830985915,-10.9162253521127
eYAL001C,1800,16.2217721518987,-11.1426329113924
eYAL001C,2000,16.3501154734411,-11.3635103926097
eYAL001C,2200,16.4346723044397,-11.4731078224102
eYAL001C,2400,16.4265107212476,-11.5196881091618
eYAL001C,2600,16.3808318264014,-11.4834719710669
eYAL001C,2800,16.3551433389545,-11.4893760539629
eYAL001C,3000,16.4199052132701,-11.5191785150079
eYAL001C,3200,16.5263001485884,-11.5310252600297
eYAL001C,3400,16.460455952716,-11.3558682803265
eYAL001C,3600,15.9841865451622,-11.0099973197534
eYAL001C,3800,15.2018863114963,-10.4711445322457
eYAL001C,4000,14.4925880923451,-9.98257594167681
eYAL001C,4200,13.8626220362622,-9.5486517898652
eYAL001C,4400,13.338626705435,-9.18772086781482
eYAL001C,4600,12.827919982792,-8.83594321359434
eYAL001C,4800,12.7320666097353,-8.76991887275834
