gene,position,trxMean,energyMean
eYER111C,0,0,0
eYER111C,200,0,0
eYER111C,400,2.40322580645161,-1.88172043010753
eYER111C,600,5.82717678100264,-4.88733509234828
eYER111C,800,7.90396659707724,-6.28027139874739
eYER111C,1000,9.18480138169257,-7.28842832469775
eYER111C,1200,10.3254786450663,-8.03519882179677
eYER111C,1400,11.0423620025674,-8.37695763799744
eYER111C,1600,11.6113408151211,-8.98417011222682
eYER111C,1800,12.0327522451136,-9.05446381405178
eYER111C,2000,12.4171046344959,-9.15236502627809
eYER111C,2200,12.8325337985172,-9.21351940689056
eYER111C,2400,13.1564380264741,-9.40826313678302
eYER111C,2600,13.3930829304574,-9.6510970621049
eYER111C,2800,13.582554517134,-9.81664935964005
eYER111C,3000,13.7079416531605,-9.87222042139388
eYER111C,3200,13.8788432267884,-10.1279452054795
eYER111C,3400,14.1024390243902,-10.2136298421808
eYER111C,3600,14.189145183175,-10.3036635006785
eYER111C,3800,13.8232258064516,-9.98296774193551
eYER111C,4000,13.1609336609337,-9.50466830466833
eYER111C,4200,12.5946390782977,-9.09569715494947
eYER111C,4400,12.0696259576386,-8.71653898152323
eYER111C,4600,11.5866320571058,-8.36772658446898
eYER111C,4800,11.1524047470331,-8.05413283364566
eYER111C,5000,10.7646704180064,-7.77411575562703
eYER111C,5200,10.5609227129338,-7.62697160883283
